[{"model": "contenttypes.contenttype", "pk": 1, "fields": {"app_label": "admin", "model": "logentry"}}, {"model": "contenttypes.contenttype", "pk": 2, "fields": {"app_label": "auth", "model": "permission"}}, {"model": "contenttypes.contenttype", "pk": 3, "fields": {"app_label": "auth", "model": "group"}}, {"model": "contenttypes.contenttype", "pk": 4, "fields": {"app_label": "auth", "model": "user"}}, {"model": "contenttypes.contenttype", "pk": 5, "fields": {"app_label": "contenttypes", "model": "contenttype"}}, {"model": "contenttypes.contenttype", "pk": 6, "fields": {"app_label": "sessions", "model": "session"}}, {"model": "contenttypes.contenttype", "pk": 7, "fields": {"app_label": "customer", "model": "client"}}, {"model": "contenttypes.contenttype", "pk": 8, "fields": {"app_label": "customer", "model": "address"}}, {"model": "contenttypes.contenttype", "pk": 9, "fields": {"app_label": "customer", "model": "clientaddress"}}, {"model": "contenttypes.contenttype", "pk": 10, "fields": {"app_label": "catalog", "model": "product"}}, {"model": "contenttypes.contenttype", "pk": 11, "fields": {"app_label": "invoice", "model": "invoice"}}, {"model": "contenttypes.contenttype", "pk": 12, "fields": {"app_label": "invoice", "model": "invoiceline"}}, {"model": "sessions.session", "pk": "0qvgarbdja5umc9z11rg84c6ra5e1mxr", "fields": {"session_data": "MTI2ZTkwZTQxNDUwNDlkYjM1MmNkODE2ZTg3NmFjMmIxMzg0MmQ2Zjp7Il9hdXRoX3VzZXJfaGFzaCI6Ijg2ZWM4Yzk1NDAyMjUxYzI2ZDhjMmE4ZjAwN2Y2MmIyZTcxM2UzZjAiLCJfYXV0aF91c2VyX2JhY2tlbmQiOiJkamFuZ28uY29udHJpYi5hdXRoLmJhY2tlbmRzLk1vZGVsQmFja2VuZCIsIl9hdXRoX3VzZXJfaWQiOiIxIn0=", "expire_date": "2016-05-28T22:17:05.409Z"}}, {"model": "sessions.session", "pk": "4yolenkd35izjd76d8fhlo5zrote9e3m", "fields": {"session_data": "MTI2ZTkwZTQxNDUwNDlkYjM1MmNkODE2ZTg3NmFjMmIxMzg0MmQ2Zjp7Il9hdXRoX3VzZXJfaGFzaCI6Ijg2ZWM4Yzk1NDAyMjUxYzI2ZDhjMmE4ZjAwN2Y2MmIyZTcxM2UzZjAiLCJfYXV0aF91c2VyX2JhY2tlbmQiOiJkamFuZ28uY29udHJpYi5hdXRoLmJhY2tlbmRzLk1vZGVsQmFja2VuZCIsIl9hdXRoX3VzZXJfaWQiOiIxIn0=", "expire_date": "2016-06-06T07:25:53.508Z"}}, {"model": "sessions.session", "pk": "90tk1poib32gpqw0ijj3e5wj94l13pn1", "fields": {"session_data": "MTI2ZTkwZTQxNDUwNDlkYjM1MmNkODE2ZTg3NmFjMmIxMzg0MmQ2Zjp7Il9hdXRoX3VzZXJfaGFzaCI6Ijg2ZWM4Yzk1NDAyMjUxYzI2ZDhjMmE4ZjAwN2Y2MmIyZTcxM2UzZjAiLCJfYXV0aF91c2VyX2JhY2tlbmQiOiJkamFuZ28uY29udHJpYi5hdXRoLmJhY2tlbmRzLk1vZGVsQmFja2VuZCIsIl9hdXRoX3VzZXJfaWQiOiIxIn0=", "expire_date": "2016-06-01T12:33:49.472Z"}}, {"model": "sessions.session", "pk": "cbrtcqlbmav2s7sek4t8lav1c2vnuorf", "fields": {"session_data": "MTI2ZTkwZTQxNDUwNDlkYjM1MmNkODE2ZTg3NmFjMmIxMzg0MmQ2Zjp7Il9hdXRoX3VzZXJfaGFzaCI6Ijg2ZWM4Yzk1NDAyMjUxYzI2ZDhjMmE4ZjAwN2Y2MmIyZTcxM2UzZjAiLCJfYXV0aF91c2VyX2JhY2tlbmQiOiJkamFuZ28uY29udHJpYi5hdXRoLmJhY2tlbmRzLk1vZGVsQmFja2VuZCIsIl9hdXRoX3VzZXJfaWQiOiIxIn0=", "expire_date": "2016-05-25T16:55:00.284Z"}}, {"model": "sessions.session", "pk": "kpk548rz0ivphay0xjysg1ry8pzcnrei", "fields": {"session_data": "MTI2ZTkwZTQxNDUwNDlkYjM1MmNkODE2ZTg3NmFjMmIxMzg0MmQ2Zjp7Il9hdXRoX3VzZXJfaGFzaCI6Ijg2ZWM4Yzk1NDAyMjUxYzI2ZDhjMmE4ZjAwN2Y2MmIyZTcxM2UzZjAiLCJfYXV0aF91c2VyX2JhY2tlbmQiOiJkamFuZ28uY29udHJpYi5hdXRoLmJhY2tlbmRzLk1vZGVsQmFja2VuZCIsIl9hdXRoX3VzZXJfaWQiOiIxIn0=", "expire_date": "2016-05-23T07:58:29.473Z"}}, {"model": "invoice.invoice", "pk": 1, "fields": {"ref": 1, "creation_date": "2016-05-09", "client": 1, "payement_date": null}}, {"model": "invoice.invoice", "pk": 2, "fields": {"ref": 2, "creation_date": "2016-05-09", "client": 1, "payement_date": null}}, {"model": "invoice.invoice", "pk": 3, "fields": {"ref": 3, "creation_date": "2016-05-11", "client": 1, "payement_date": null}}, {"model": "invoice.invoice", "pk": 4, "fields": {"ref": 55, "creation_date": "2016-05-12", "client": 1, "payement_date": null}}, {"model": "invoice.invoice", "pk": 5, "fields": {"ref": 5555555, "creation_date": "2016-05-09", "client": 1, "payement_date": null}}, {"model": "invoice.invoice", "pk": 6, "fields": {"ref": 4444, "creation_date": "2016-05-09", "client": 2, "payement_date": null}}, {"model": "invoice.invoice", "pk": 7, "fields": {"ref": 9, "creation_date": "2016-12-12", "client": 1, "payement_date": null}}, {"model": "invoice.invoice", "pk": 8, "fields": {"ref": 5512, "creation_date": "2016-06-15", "client": 2, "payement_date": null}}, {"model": "invoice.invoice", "pk": 9, "fields": {"ref": 6, "creation_date": "2016-12-12", "client": 2, "payement_date": null}}, {"model": "invoice.invoice", "pk": 10, "fields": {"ref": 6, "creation_date": "2016-12-12", "client": 2, "payement_date": null}}, {"model": "invoice.invoice", "pk": 11, "fields": {"ref": 6, "creation_date": "2016-12-12", "client": 2, "payement_date": null}}, {"model": "invoice.invoice", "pk": 12, "fields": {"ref": 6, "creation_date": "2016-12-12", "client": 2, "payement_date": null}}, {"model": "invoice.invoice", "pk": 13, "fields": {"ref": 123, "creation_date": "2016-12-12", "client": 2, "payement_date": null}}, {"model": "invoice.invoice", "pk": 14, "fields": {"ref": 123, "creation_date": "2016-12-12", "client": 2, "payement_date": null}}, {"model": "invoice.invoice", "pk": 15, "fields": {"ref": 999, "creation_date": "2016-12-12", "client": 1, "payement_date": null}}, {"model": "invoice.invoice", "pk": 16, "fields": {"ref": 998, "creation_date": "2016-12-12", "client": 1, "payement_date": null}}, {"model": "invoice.invoice", "pk": 17, "fields": {"ref": 555, "creation_date": "2016-12-12", "client": 1, "payement_date": null}}, {"model": "invoice.invoiceline", "pk": 1, "fields": {"invoice": 1, "product": 1, "quantity": 1, "unit_price": 100.0}}, {"model": "invoice.invoiceline", "pk": 2, "fields": {"invoice": 2, "product": 2, "quantity": 2, "unit_price": 200.0}}, {"model": "invoice.invoiceline", "pk": 3, "fields": {"invoice": 3, "product": 1, "quantity": 10, "unit_price": 50.0}}, {"model": "invoice.invoiceline", "pk": 4, "fields": {"invoice": 3, "product": 2, "quantity": 1, "unit_price": 200.0}}, {"model": "invoice.invoiceline", "pk": 5, "fields": {"invoice": 4, "product": 1, "quantity": 1, "unit_price": 1200.0}}, {"model": "invoice.invoiceline", "pk": 6, "fields": {"invoice": 10, "product": 1, "quantity": 1, "unit_price": 10.0}}, {"model": "invoice.invoiceline", "pk": 7, "fields": {"invoice": 11, "product": 1, "quantity": 1, "unit_price": 10.0}}, {"model": "invoice.invoiceline", "pk": 8, "fields": {"invoice": 12, "product": 1, "quantity": 1, "unit_price": 10.0}}, {"model": "invoice.invoiceline", "pk": 9, "fields": {"invoice": 13, "product": 1, "quantity": 1, "unit_price": 50.0}}, {"model": "invoice.invoiceline", "pk": 10, "fields": {"invoice": 14, "product": 1, "quantity": 1, "unit_price": 50.0}}, {"model": "invoice.invoiceline", "pk": 11, "fields": {"invoice": 15, "product": 2, "quantity": 5, "unit_price": 150.0}}, {"model": "invoice.invoiceline", "pk": 12, "fields": {"invoice": 16, "product": 1, "quantity": 10, "unit_price": 100.0}}, {"model": "invoice.invoiceline", "pk": 13, "fields": {"invoice": 16, "product": 2, "quantity": 5, "unit_price": 200.0}}, {"model": "invoice.invoiceline", "pk": 14, "fields": {"invoice": 17, "product": 3, "quantity": 1, "unit_price": 2000.0}}, {"model": "invoice.invoiceline", "pk": 15, "fields": {"invoice": 17, "product": 2, "quantity": 1, "unit_price": 200.0}}, {"model": "customer.client", "pk": 1, "fields": {"first_name": "Pierre", "last_name": "sarrus", "email": "pierre.sarrus@gmail.com"}}, {"model": "customer.client", "pk": 2, "fields": {"first_name": "toto", "last_name": "tata", "email": "plop@gmail.com"}}, {"model": "customer.client", "pk": 3, "fields": {"first_name": "toto", "last_name": "tata", "email": "plop@gmail.com"}}, {"model": "customer.address", "pk": 1, "fields": {"street": "avenue du 8 mai", "zipcode": "48000", "city": "MENDE"}}, {"model": "customer.address", "pk": 2, "fields": {"street": "fsfsqfqsfqs", "zipcode": "48000", "city": "MENDE"}}, {"model": "customer.address", "pk": 3, "fields": {"street": "Lyc\u00e9e Technique", "zipcode": "48000", "city": "MENDE"}}, {"model": "customer.clientaddress", "pk": 1, "fields": {"client": 1, "type": "1", "address": 3}}, {"model": "customer.clientaddress", "pk": 2, "fields": {"client": 2, "type": "1", "address": 1}}, {"model": "customer.clientaddress", "pk": 4, "fields": {"client": 1, "type": "2", "address": 2}}, {"model": "catalog.product", "pk": 1, "fields": {"ref": "11111", "name": "chat", "unit_price": 150.0, "vat": 0.2}}, {"model": "catalog.product", "pk": 2, "fields": {"ref": "11112", "name": "chien", "unit_price": 200.0, "vat": 0.2}}, {"model": "catalog.product", "pk": 3, "fields": {"ref": "11113", "name": "cheval", "unit_price": 2000.0, "vat": 0.055}}, {"model": "auth.permission", "pk": 1, "fields": {"name": "Can add log entry", "content_type": 1, "codename": "add_logentry"}}, {"model": "auth.permission", "pk": 2, "fields": {"name": "Can change log entry", "content_type": 1, "codename": "change_logentry"}}, {"model": "auth.permission", "pk": 3, "fields": {"name": "Can delete log entry", "content_type": 1, "codename": "delete_logentry"}}, {"model": "auth.permission", "pk": 4, "fields": {"name": "Can add permission", "content_type": 2, "codename": "add_permission"}}, {"model": "auth.permission", "pk": 5, "fields": {"name": "Can change permission", "content_type": 2, "codename": "change_permission"}}, {"model": "auth.permission", "pk": 6, "fields": {"name": "Can delete permission", "content_type": 2, "codename": "delete_permission"}}, {"model": "auth.permission", "pk": 7, "fields": {"name": "Can add group", "content_type": 3, "codename": "add_group"}}, {"model": "auth.permission", "pk": 8, "fields": {"name": "Can change group", "content_type": 3, "codename": "change_group"}}, {"model": "auth.permission", "pk": 9, "fields": {"name": "Can delete group", "content_type": 3, "codename": "delete_group"}}, {"model": "auth.permission", "pk": 10, "fields": {"name": "Can add user", "content_type": 4, "codename": "add_user"}}, {"model": "auth.permission", "pk": 11, "fields": {"name": "Can change user", "content_type": 4, "codename": "change_user"}}, {"model": "auth.permission", "pk": 12, "fields": {"name": "Can delete user", "content_type": 4, "codename": "delete_user"}}, {"model": "auth.permission", "pk": 13, "fields": {"name": "Can add content type", "content_type": 5, "codename": "add_contenttype"}}, {"model": "auth.permission", "pk": 14, "fields": {"name": "Can change content type", "content_type": 5, "codename": "change_contenttype"}}, {"model": "auth.permission", "pk": 15, "fields": {"name": "Can delete content type", "content_type": 5, "codename": "delete_contenttype"}}, {"model": "auth.permission", "pk": 16, "fields": {"name": "Can add session", "content_type": 6, "codename": "add_session"}}, {"model": "auth.permission", "pk": 17, "fields": {"name": "Can change session", "content_type": 6, "codename": "change_session"}}, {"model": "auth.permission", "pk": 18, "fields": {"name": "Can delete session", "content_type": 6, "codename": "delete_session"}}, {"model": "auth.permission", "pk": 19, "fields": {"name": "Can add client", "content_type": 7, "codename": "add_client"}}, {"model": "auth.permission", "pk": 20, "fields": {"name": "Can change client", "content_type": 7, "codename": "change_client"}}, {"model": "auth.permission", "pk": 21, "fields": {"name": "Can delete client", "content_type": 7, "codename": "delete_client"}}, {"model": "auth.permission", "pk": 22, "fields": {"name": "Can add address", "content_type": 8, "codename": "add_address"}}, {"model": "auth.permission", "pk": 23, "fields": {"name": "Can change address", "content_type": 8, "codename": "change_address"}}, {"model": "auth.permission", "pk": 24, "fields": {"name": "Can delete address", "content_type": 8, "codename": "delete_address"}}, {"model": "auth.permission", "pk": 25, "fields": {"name": "Can add client address", "content_type": 9, "codename": "add_clientaddress"}}, {"model": "auth.permission", "pk": 26, "fields": {"name": "Can change client address", "content_type": 9, "codename": "change_clientaddress"}}, {"model": "auth.permission", "pk": 27, "fields": {"name": "Can delete client address", "content_type": 9, "codename": "delete_clientaddress"}}, {"model": "auth.permission", "pk": 28, "fields": {"name": "Can add product", "content_type": 10, "codename": "add_product"}}, {"model": "auth.permission", "pk": 29, "fields": {"name": "Can change product", "content_type": 10, "codename": "change_product"}}, {"model": "auth.permission", "pk": 30, "fields": {"name": "Can delete product", "content_type": 10, "codename": "delete_product"}}, {"model": "auth.permission", "pk": 31, "fields": {"name": "Can add invoice", "content_type": 11, "codename": "add_invoice"}}, {"model": "auth.permission", "pk": 32, "fields": {"name": "Can change invoice", "content_type": 11, "codename": "change_invoice"}}, {"model": "auth.permission", "pk": 33, "fields": {"name": "Can delete invoice", "content_type": 11, "codename": "delete_invoice"}}, {"model": "auth.permission", "pk": 34, "fields": {"name": "Can add invoice line", "content_type": 12, "codename": "add_invoiceline"}}, {"model": "auth.permission", "pk": 35, "fields": {"name": "Can change invoice line", "content_type": 12, "codename": "change_invoiceline"}}, {"model": "auth.permission", "pk": 36, "fields": {"name": "Can delete invoice line", "content_type": 12, "codename": "delete_invoiceline"}}, {"model": "auth.user", "pk": 1, "fields": {"password": "pbkdf2_sha256$24000$nqrDBSZLBdPX$Gu0Ufp/rlS5pA0/uqxpq1H0NU4qq+cmy37I2YgoEmQI=", "last_login": "2016-05-23T07:25:53.419Z", "is_superuser": true, "username": "psarrus", "first_name": "", "last_name": "", "email": "", "is_staff": true, "is_active": true, "date_joined": "2016-05-09T07:45:08.576Z", "groups": [], "user_permissions": []}}, {"model": "admin.logentry", "pk": 1, "fields": {"action_time": "2016-05-09T09:16:25.492Z", "user": 1, "content_type": 7, "object_id": "1", "object_repr": "Pierre sarrus", "action_flag": 1, "change_message": "Added."}}, {"model": "admin.logentry", "pk": 2, "fields": {"action_time": "2016-05-09T09:17:00.288Z", "user": 1, "content_type": 8, "object_id": "1", "object_repr": "Lyc\u00e9e Technique 48000 MENDE", "action_flag": 1, "change_message": "Added."}}, {"model": "admin.logentry", "pk": 3, "fields": {"action_time": "2016-05-09T09:17:22.527Z", "user": 1, "content_type": 9, "object_id": "1", "object_repr": "ClientAddress object", "action_flag": 1, "change_message": "Added."}}, {"model": "admin.logentry", "pk": 4, "fields": {"action_time": "2016-05-09T11:41:12.996Z", "user": 1, "content_type": 10, "object_id": "1", "object_repr": "chat", "action_flag": 1, "change_message": "Added."}}, {"model": "admin.logentry", "pk": 5, "fields": {"action_time": "2016-05-09T12:01:26.309Z", "user": 1, "content_type": 11, "object_id": "1", "object_repr": "Invoice object", "action_flag": 1, "change_message": "Added."}}, {"model": "admin.logentry", "pk": 6, "fields": {"action_time": "2016-05-09T12:08:48.989Z", "user": 1, "content_type": 11, "object_id": "2", "object_repr": "2 2016-05-09 Pierre sarrus", "action_flag": 1, "change_message": "Added."}}, {"model": "admin.logentry", "pk": 7, "fields": {"action_time": "2016-05-09T12:09:27.476Z", "user": 1, "content_type": 12, "object_id": "1", "object_repr": "InvoiceLine object", "action_flag": 1, "change_message": "Added."}}, {"model": "admin.logentry", "pk": 8, "fields": {"action_time": "2016-05-09T12:11:03.790Z", "user": 1, "content_type": 10, "object_id": "1", "object_repr": "chat", "action_flag": 2, "change_message": "Changed ref."}}, {"model": "admin.logentry", "pk": 9, "fields": {"action_time": "2016-05-09T12:11:35.961Z", "user": 1, "content_type": 10, "object_id": "2", "object_repr": "chien", "action_flag": 1, "change_message": "Added."}}, {"model": "admin.logentry", "pk": 10, "fields": {"action_time": "2016-05-09T12:11:56.258Z", "user": 1, "content_type": 12, "object_id": "2", "object_repr": "11112 chien 2 200", "action_flag": 1, "change_message": "Added."}}, {"model": "admin.logentry", "pk": 11, "fields": {"action_time": "2016-05-09T12:37:04.294Z", "user": 1, "content_type": 11, "object_id": "3", "object_repr": "3 2016-05-09 Pierre sarrus", "action_flag": 1, "change_message": "Added. Added invoice line \"11111 chat 10 50\"."}}, {"model": "admin.logentry", "pk": 12, "fields": {"action_time": "2016-05-11T16:56:47.914Z", "user": 1, "content_type": 11, "object_id": "3", "object_repr": "3 2016-05-11 Pierre sarrus", "action_flag": 2, "change_message": "Changed creation_date. Added invoice line \"11112 chien 1 200\"."}}, {"model": "admin.logentry", "pk": 13, "fields": {"action_time": "2016-05-11T16:58:36.999Z", "user": 1, "content_type": 11, "object_id": "3", "object_repr": "3 2016-05-11 Pierre sarrus", "action_flag": 2, "change_message": "No fields changed."}}, {"model": "admin.logentry", "pk": 14, "fields": {"action_time": "2016-05-11T16:58:43.494Z", "user": 1, "content_type": 11, "object_id": "3", "object_repr": "3 2016-05-11 Pierre sarrus", "action_flag": 2, "change_message": "No fields changed."}}, {"model": "admin.logentry", "pk": 15, "fields": {"action_time": "2016-05-12T09:25:54.017Z", "user": 1, "content_type": 11, "object_id": "4", "object_repr": "55 2016-05-12 Pierre sarrus", "action_flag": 1, "change_message": "Added. Added invoice line \"11111 chat 1 1000\"."}}, {"model": "admin.logentry", "pk": 16, "fields": {"action_time": "2016-05-12T09:30:20.684Z", "user": 1, "content_type": 7, "object_id": "2", "object_repr": "toto tata", "action_flag": 1, "change_message": "Added. Added client address \"toto tata facturation 48000 MENDE\"."}}, {"model": "admin.logentry", "pk": 17, "fields": {"action_time": "2016-05-12T09:30:21.163Z", "user": 1, "content_type": 7, "object_id": "3", "object_repr": "toto tata", "action_flag": 1, "change_message": "Added. Added client address \"toto tata facturation 48000 MENDE\"."}}, {"model": "admin.logentry", "pk": 18, "fields": {"action_time": "2016-05-12T10:26:12.230Z", "user": 1, "content_type": 8, "object_id": "2", "object_repr": "fsfsqfqsfqs 48000 MENDE", "action_flag": 1, "change_message": "Added."}}, {"model": "admin.logentry", "pk": 19, "fields": {"action_time": "2016-05-12T10:26:14.635Z", "user": 1, "content_type": 9, "object_id": "4", "object_repr": "Pierre sarrus livraison 48000 MENDE", "action_flag": 1, "change_message": "Added."}}, {"model": "admin.logentry", "pk": 20, "fields": {"action_time": "2016-05-12T13:33:36.935Z", "user": 1, "content_type": 12, "object_id": "5", "object_repr": "11111 chat 1 1200", "action_flag": 2, "change_message": "Changed unit_price."}}, {"model": "admin.logentry", "pk": 21, "fields": {"action_time": "2016-05-12T14:46:39.665Z", "user": 1, "content_type": 8, "object_id": "1", "object_repr": "avenue du 8 mai 48000 MENDE", "action_flag": 2, "change_message": "Changed street."}}, {"model": "admin.logentry", "pk": 22, "fields": {"action_time": "2016-05-12T14:46:43.106Z", "user": 1, "content_type": 9, "object_id": "2", "object_repr": "toto tata facturation 48000 MENDE", "action_flag": 2, "change_message": "No fields changed."}}, {"model": "admin.logentry", "pk": 23, "fields": {"action_time": "2016-05-12T14:53:55.172Z", "user": 1, "content_type": 8, "object_id": "3", "object_repr": "Lyc\u00e9e Technique 48000 MENDE", "action_flag": 1, "change_message": "Added."}}, {"model": "admin.logentry", "pk": 24, "fields": {"action_time": "2016-05-12T14:54:02.125Z", "user": 1, "content_type": 9, "object_id": "2", "object_repr": "toto tata facturation 48000 MENDE", "action_flag": 2, "change_message": "No fields changed."}}, {"model": "admin.logentry", "pk": 25, "fields": {"action_time": "2016-05-12T14:54:09.480Z", "user": 1, "content_type": 9, "object_id": "1", "object_repr": "Pierre sarrus facturation 48000 MENDE", "action_flag": 2, "change_message": "Changed address."}}, {"model": "admin.logentry", "pk": 26, "fields": {"action_time": "2016-05-12T14:54:20.441Z", "user": 1, "content_type": 9, "object_id": "3", "object_repr": "toto tata facturation 48000 MENDE", "action_flag": 3, "change_message": ""}}, {"model": "admin.logentry", "pk": 27, "fields": {"action_time": "2016-05-18T14:18:52.228Z", "user": 1, "content_type": 10, "object_id": "3", "object_repr": "cheval", "action_flag": 1, "change_message": "Added."}}]